Horodateur,URL vers votre réseau social préféré ?,Niveau de préférence de ce réseau social,Quel en est l'utilité ?,Publiez vous régulièrement du contenu ?,Communiquez vous souvent dessus ?,Avec qui communiquez vous sur ce réseau social ?,Quels types de contenus postez vous ?,Faites vous des rencontres sur ce réseau social ?,Ajoutez vous des personnes que vous ne connaissez pas ?,Recommandez vous ce réseau social autour de vous ?
27/01/2021 22:15:04,https://www.instagram.com/?hl=fr,9,Personnel,Très peu,Peu,Amis,Photos,Jamais,Jamais,Pas vraiment
27/01/2021 22:20:34,https://www.snapchat.com/l/fr-fr/,10,Personnel,Souvent,Souvent,Tout le monde,De tout,Peu,Parfois,Oui mais...
27/01/2021 22:22:02,http://www.snapchat.com/add/lboukhalil07,10,Personnel,Souvent,Souvent,Amis,Photos,Peu,Parfois,Absolument
27/01/2021 22:36:22,https://www.instagram.com,8,Personnel,Parfois,Jamais,Amis,Photos,Jamais,Souvent,Oui mais...
27/01/2021 22:36:50,https://m.facebook.com/?refsrc=https%3A%2F%2Ffr-fr.facebook.com%2F&_rdr,7,Personnel,Parfois,Souvent,Tout le monde,Textes,Peu,Parfois,Oui mais...
27/01/2021 22:47:15,http://www.reddit.com,9,Personnel,Jamais,Peu,Inconnus,De tout,Jamais,Souvent,Absolument
27/01/2021 22:53:46,https://www.youtube.com/?hl=fr&gl=FR,9,Personnel,Très peu,Jamais,Inconnus,,Jamais,Jamais,Absolument
27/01/2021 22:59:55,https://www.instagram.com/?hl=fr,9,Personnel,Toujours,Souvent,Tout le monde,Photos,Parfois,Parfois,Absolument
27/01/2021 23:03:59,http://instagram.com/,6,Personnel,Très peu,Peu,Amis,Photos,Jamais,Parfois,Oui mais...
27/01/2021 23:10:01,https://www.instagram.com/,6,Personnel,Très peu,Peu,Amis,Photos,Jamais,Jamais,Oui mais...
27/01/2021 23:12:56,https://mobile.twitter.com/?locale=fr,8,Personnel,Toujours,Souvent,Tout le monde,De tout,Parfois,Jamais,Oui mais...
28/01/2021 00:25:03,https://m.facebook.com/login/?privacy_mutation_token=eyJ0eXBlIjowLCJjcmVhdGlvbl90aW1lIjoxNjExNzg5ODY2LCJjYWxsc2l0ZV9pZCI6Mjc4OTkyMDk0NDYyNDI1MX0%3D&locale2=fr_FR,5,Professionnel,Jamais,Jamais,Professionnels,Textes,Jamais,Souvent,Oui mais...
28/01/2021 08:58:11,https://www.messenger.com/,10,Personnel,Jamais,Souvent,Tout le monde,,Peu,Parfois,Absolument